kind,display_name,name,from_network,from_tracker,in_general,in_creative,in_skan,in_skan_raw,in_ad_mon,desc
dimension,Account ID,adn_account_id,False,False,True,True,False,False,False,"Your account ID from which we pulled the data. In some networks, such as Facebook and Google Ads, you may have multiple ad account IDs."
dimension,Account Name,adn_account_name,False,False,True,True,False,False,False,"The account name of the campaign, as reported by the ad network (when applicable)."
dimension,Ad Instance ID,instance_id,True,True,False,False,False,False,True,The targeting (be it country or a specific app) associated with the bid. Some networks refer to this dimension as Line Item or Mediation Group.
dimension,Ad Instance Name,instance_name,True,True,False,False,False,False,True,The targeting (be it country or a specific app) associated with the bid. Some networks refer to this dimension as Line Item or Mediation Group.
dimension,"Ad MonetizationAd Monetization: Earning revenue by showing ads in your mobile app. Singular can track ad revenue as well as in-app purchase revenue to give you your complete campaign ROI. Learn more  SourceSource: In Singular reporting, a source is an ad network or other third-party platform in which you advertised your product.",source,True,True,False,False,False,False,True,In Ad Monetization Reporting: the name of the monetization network.
dimension,Ad PlacementPlacement: A field in Singular reporting that says where/when the ad was displayed in the website/app (the precise meaning varies between networks). Not to be confused with Ad Placement (which is an Ad Mon-specific dimension). ID,ad_placement_id,True,True,False,False,False,False,True,The placement of the ad within the app (not to be confused with the ad type or the geo). Note that this dimension is given different names in different ad networks.
dimension,Ad Placement Name,ad_placement_name,True,True,False,False,False,False,True,The placement of the ad within the app (not to be confused with the ad type or the geo). Note that this dimension is given different names in different ad networks.
dimension,Ad Type ID,ad_type_id,True,True,False,False,False,False,True,"The type of the ad, e.g., ""banner"" or ""rewarded video"". In other platforms, this may be referred to as the Ad Unit or the Ad Format."
dimension,Ad Type Name,ad_type_name,True,True,False,False,False,False,True,"The type of the ad, e.g., ""banner"" or ""rewarded video"". In other platforms, this may be referred to as the Ad Unit or the Ad Format."
dimension,Affiliate ID,affiliate_id,False,False,True,False,False,False,False,"In cases where there is a third party involved in the campaign, e.g. if the network bought inventory from another platform, or a DSP bought inventory from an exchange, this is the ID of the platform/exchange."
dimension,Affiliate Name,affiliate_name,False,False,True,False,False,False,False,"In cases where there is a third party involved in the campaign, e.g. if the network bought inventory from another platform, or a DSP bought inventory from an exchange, this is the name of the platform/exchange."
dimension,App,app,False,False,True,True,True,True,False,The app name as configured in the Apps page.
dimension,App ID,site_public_id,True,True,True,False,False,False,True,"For apps, this is the app's ID in the Apple App Store or Google Play (see What is the difference between an app and an app site?). For websites, this is the website URL."
dimension,Asset ID,asset_id,False,False,False,True,False,False,False,"""Asset ID"" and ""Asset Name"" apply only to Google Ads UAC (mobile app) campaigns and Facebook Ads AAA campaigns. These campaigns have an additional level of granularity in which a single creative (ad) can contain multiple assets (images, videos, and texts), and each asset has its own name and ID. For more information, see the Google Ads Data Connector Guide and Facebook Data Connector. Note: Due to a Google Ads API limitation, you currently can't see Installs broken down by asset, only by creative."
dimension,Asset Name,asset_name,False,False,False,True,False,False,False,"""Asset ID"" and ""Asset Name"" apply only to Google Ads UAC (mobile app) campaigns and Facebook Ads AAA campaigns. These campaigns have an additional level of granularity in which a single creative (ad) can contain multiple assets (images, videos, and texts), and each asset has its own name and ID. For more information, see the Google Ads Data Connector Guide and Facebook Data Connector. Note: Due to a Google Ads API limitation, you currently can't see Installs broken down by asset, only by creative."
dimension,ATT opt in,opt_in,False,False,True,False,False,False,False,"A campaign and sub-campaign level dimension that indicates whether the user has consented to Apple's app transparency tracking. This dimension's values are ""true"" and ""false"". When we can't determine the value, it defaults to ""false"". Important: when using this dimension, you will not be able to see cost data."
dimension,Banner Name,banner_name,False,False,True,False,False,False,False,The name of the banner that the user clicked before they installed the app. This dimension is only available to Banners customers.
dimension,Bid Amount,bid_amount,True,True,True,False,False,False,False,"The bid amount in your organization's default currency (converted from Original Bid Amount). Note: For Google Ads, Singular only pulls the bid amount for campaigns in which the Bid Type is “Target CPA”. See the Campaign Properties FAQ for more information."
dimension,Bid Strategy,bid_strategy,True,True,True,False,False,False,False,"This dimension contains the original data that we pulled from the ad network in order to deduce the Standardized Bid Strategy. See the Campaign Properties FAQ for more information. To see exactly which setting we pull from each network and the logic we use to standardize it, see Campaign Properties Data Mapping."
dimension,Bid Type,bid_type,True,True,True,False,False,False,False,"This dimension contains the original data that we pulled from the ad network in order to deduce the Standardized Bid Type. See the Campaign Properties FAQ for more information. To see exactly which setting we pull from each network and the logic we use to standardize it, see Campaign Properties Data Mapping."
dimension,Campaign ID,unified_campaign_id,False,False,True,True,True,False,False,The ID of the campaign (see Campaign Name for more information).
dimension,Campaign Name,unified_campaign_name,False,False,True,True,True,False,False,"The name of the campaign. Usually this is pulled from the ad network, but if it's missing in the ad network, the dimension reflects the campaign name reported by the attribution tracker."
dimension,Campaign Objective,campaign_objective,True,True,True,False,False,False,False,"For ad networks that distinguish between the campaign objective and the bid type, such as Facebook and Snapchat, this dimension contains the campaign objective. You can also use it to find out if this is a mobile app install campaign. To see exactly which setting we pull from each network to populate this dimension, see Campaign Properties Data Mapping."
dimension,Campaign Status,campaign_status,True,True,True,False,False,False,False,"Is the campaign live or not? Note that this is not a standardized dimension, so it may contain different values based on the ad network, e.g. “live/not live” vs. “true/false”."
dimension,Campaign URL,adn_campaign_url,False,False,True,True,False,False,False,"The URL that is triggered when a user clicks on a campaign ad (the tracking link URL), as reported by the network. See also: Final URL."
dimension,City,city_field,False,False,True,False,False,False,False,"The user's city, as reported by the tracker, or else by certain ad networks. Not available for creative reports."
dimension,Click Type,adn_click_type,False,False,True,True,False,False,False,"The click type as reported by the ad network, where applicable."
dimension,Conversion Type,conversion_type,True,True,True,True,False,False,False,"How the user interacted with the ad. Possible values: ""Click-through"" (an ad click) or ""View-through"" (an ad impression)."
dimension,Conversion ValueConversion Value: A single number between 0 and 63 included in an SKAdNetwork postback. The conversion value is the only way to get any information about an install and the user's post-install activity in the SKAdNetwork framework. Learn more,skan_conversion_value,True,True,False,False,False,True,False,The SKAdNetwork conversion value (a number between 0 and 63).
dimension,Conversion Value Description,skan_conversion_value_description,True,True,False,False,False,True,False,A summary of the meaning of the conversion value in the context of the conversion model defined for the campaign.
dimension,Country,country_field,False,False,True,True,True,True,False,"The user's country, as reported by the network or derived from the network's targeting settings. For example, in SKAdNetwork, the user's country is not provided, but sometimes Singular can fill in that information by looking at the network's targeting settings and seeing that the campaign was targeted to one country only."
dimension,Country,ad_country,True,True,False,False,False,False,True,The country in which the ad was served.
dimension,Creative Format,creative_format,True,True,False,True,False,False,False,"The format of the creative as defined by the ad network. This dimension gives more detailed information than Normalized Creative Type. Currently available for Vungle, AppLovin, Unity, and IronSource campaigns. The expected values are: For Vungle: ""dynamic interstitial"", ""square dynamic interstitial"", ""showcase"", ""looping"", ""carousel"", ""gradient"", ""swipe"" For AppLovin: ""GRAPHIC"", ""VIDEO"", ""REWARD"" (rewarded video), ""PLAY"" (playable ad) For Ironsource: “Video & Carousel”, “Video & Full Screen”, “Video & Interactive End Card”, “Playable”, “Interactive Video”"
dimension,Creative Height,creative_height,True,True,False,True,False,False,False,"The height of an image/video creative, in pixels."
dimension,Creative ID,creative_id,True,True,False,True,False,False,False,The unique identifier of the creative.
dimension,Creative Name,creative_name,True,True,False,True,False,False,False,"The name of the creative, usually given by the customer."
dimension,Creative Reported URL,creative_reported_url,True,True,False,True,False,False,False,The URL that is triggered when the user clicks the creative.
dimension,Creative Width,creative_width,True,True,False,True,False,False,False,"The width of an image/video creative, in pixels."
dimension,Device Model,device_model,False,False,True,False,False,False,False,"In Aura campaigns only: the device model the ad was displayed in, e.g., LM-X320."
dimension,DMA ID,dma_id_field,False,False,True,False,False,False,False,The ID of the Designated Marketing Area that the ad was targeted to. The availability of this dimension depends on the network. Not available for creative reports.
dimension,DMA Name,dma_name_field,False,False,True,False,False,False,False,The name of the Designated Marketing Area that the ad was targeted to. The availability of this dimension depends on the network. Not available for creative reports.
dimension,Facebook Ad Set ID,fb_adset_id,False,False,True,False,False,False,False,"In Facebook campaigns only: the ""Ad Set ID"" given by Facebook."
dimension,Facebook Campaign ID,fb_campaign_id,False,False,True,False,False,False,False,In Facebook campaigns only: the campaign ID given by Facebook.
dimension,Facebook ROAS Bid,min_roas,True,True,True,False,False,False,False,"For Facebook campaigns in which the campaign objective was set to Lowest Cost with Min ROAS (rather than having a set bid amount in dollars), we store the minimum ROAS percent in this dimension. The Bid Amount dimension for these campaigns will be empty."
dimension,Final URL,final_url,False,False,True,False,False,False,False,"In Google Ads (AdWords) campaigns, this field contains the tracking link arguments (suffixes), as they are not included in the Campaign URL reported by Google."
dimension,Installer Source,installer_source,False,False,True,False,False,False,False,The raw value of the package or applications that installed the app.
dimension,Is UAC,is_uac,False,False,True,False,False,False,False,"In Google Ads (AdWords) campaigns only: is the campaign a ""Universal App Campaign"" (see Google's documentation for more information)."
dimension,Keyword,keyword,False,False,True,False,False,False,False,"In search results ad campaigns: the search keyword as reported by the ad network. Applicable to Apple Search Ads, Bing, Google Ads (AdWords), Yahoo, etc."
dimension,Keyword ID,keyword_id,False,False,True,False,False,False,False,The internal ID given by the ad network to the targeted search keyword.
dimension,Keyword Match Type,keyword_match_type,False,False,True,False,False,False,False,"The matching strategy for search keywords, such as ""broad"" or ""exact"" phrase"
dimension,Network Campaign ID,adn_campaign_id,False,False,True,False,False,False,False,"The ID of the campaign, as pulled from the ad network."
dimension,Network Campaign Name,adn_campaign_name,False,False,True,False,False,False,False,"The name of the campaign, as pulled from the ad network."
dimension,Network Creative ID,adn_creative_id,False,False,False,True,False,False,False,The creative ID as reported by the ad network.
dimension,Network Creative Name,adn_creative_name,False,False,False,True,False,False,False,The creative name as reported by the ad network.
dimension,Network Sub Campaign ID,adn_sub_campaign_id,True,True,True,False,False,False,False,"The ID of the sub-campaign, as pulled from the ad network. A sub-campaign is Singular's name for an additional grouping of ads that some networks have under the campaign level. Some networks may call it ""ad group"" or ""ad set""."
dimension,Network Sub Campaign Name,adn_sub_campaign_name,True,True,True,False,False,False,False,"The name of the sub-campaign, as pulled from the ad network. A sub-campaign is Singular's name for an additional grouping of ads that some networks have under the campaign level. Some networks may call it ""ad group"" or ""ad set""."
dimension,Normalized Creative Type,creative_type,True,True,False,True,False,False,False,"See the Creative Format dimension. Notes: This dimension was formerly named ""Creative Type"" in the web UI."
dimension,Normalized Installer Source,install_app_store,True,True,True,False,False,False,False,"Names of the app store and applications that installed the app, i.e. iOS App Store, Google Play, Samsung Galaxy Store, Xiaomi, Huawei, etc. Derived and standardized from the 'Install Source' dimension."
dimension,Original Bid Amount,original_bid_amount,True,True,True,False,False,False,False,The bid amount in the original currency.
dimension,Original Bid Currency,original_ metadata_currency,True,True,True,False,False,False,False,The original currency of the bid (see Original Bid Amount).
dimension,Original Currency,adn_original_currency,False,False,True,False,False,False,False,The original currency as reported by the ad network. This may be different from the default currency set up for you in Singular.
dimension,OS,os,False,False,True,True,False,False,False,"The operating system of the marketed product. For an app, this usually indicates which app store the app is sold in, e.g., ""iOS"" or ""Android""."
dimension,Placement,placement,False,False,True,False,False,False,False,"# Where or when the ad is displayed in the website or app (the precise meaning varies between networks). Currently available for Facebook, Twitter, and Snapchat. Not to be confused with Ad Placement, which is an Ad Mon-specific dimension. Note: This network-only dimension will cause Joining_Network_and_Tracker_Data"" target=""_self"">network data and tracker data to appear in separate rows. The value of Placement is mapped from different networks as follows: Facebook: • Field: device_platforms/ publisher_platforms/ facebook_positions/ instagram_positions/ audience_network_positions/ messenger_positions • Possible values: mobile, desktop, facebook, instagram, messenger, audience_network, feed, right_hand_column, instant_article, marketplace, video_feeds, search stream, story, explore, classic, instream_video, rewarded_video, messenger_home, sponsored_messages Twitter: • Field: placements • Possible values: ALL_ON_TWITTER, PUBLISHER_NETWORK, TWITTER_PROFILE, TWITTER_SEARCH, TWITTER_TIMELINE, TAP_BANNER, TAP_FULL, TAP_FULL_LANDSCAPE, TAP_NATIVE, TAP_MRECT Snapchat: • Field: snapchat_positions (placement_v2) • Possible values: INTERSTITIAL_USER, INTERSTITIAL_CONTENT, INSTREAM, FEED, CAMERA, GAMES, AUDIENCE_EXTENSION"
dimension,Platform,platform,False,False,True,True,False,False,False,"The platform of the marketed product, e.g., ""iPhone"" or ""iPad""."
dimension,Publisher ID,publisher_id,False,False,True,False,False,False,False,The hashed ID of the publisher (app) in which the ad has been displayed.
dimension,Publisher Site ID,publisher_site_id,False,False,True,False,False,False,False,The public ID of the publisher (app) in which the ad has been displayed. This field is only populated if this information is provided by the ad network.
dimension,Publisher Site Name,publisher_site_name,False,False,True,False,False,False,False,The name of the publisher (app) in which the ad has been displayed. This field is only populated if this information is provided by the ad network.
dimension,"Quality ScoreQuality Score: A field in Singular reporting that contains the rating for the quality of ad content and landing pages, as compared to advertisers. Learn more in the Metrics and Dimensions Glossary",quality_score,False,False,True,False,False,False,False,"A rating for the relevance of ad content, and landing pages, provided by Google Ads (AdWords) and Bing. The value is 1-10 with 10 being the best score. The higher the quality, the more relevant and useful the ad/landing page is to someone searching for that keyword, compared to other advertisers. See also: Google Ads Help: About Quality Score Microsoft: Quality Score - Definition Microsoft: Quality Score and Quality Impact in Depth Note: This network-only dimension will cause network data and tracker data to appear in separate rows."
dimension,Region,region_field,False,False,True,False,False,False,False,"The user's geographic region, as reported by the tracker, or else by certain ad networks. Not available for creative reports."
dimension,Re-Downloads,skan_redownloads,True,True,False,False,False,True,False,"Apple's SKAdNetwork postbacks include a ""redownload"" field. According to Apple, this is set to true if the app has already been downloaded and installed by the same user (same Apple ID). Singular marks every SKAdNetwork install accordingly as either a ""download"" or a ""redownload."""
dimension,RetargetingRetargeting: A type of mobile marketing campaign that targets existing users of an app/website and aims to get them to re-engage with the product. Learn more,retention,True,True,True,True,False,False,False,Whether the campaign is a retargeting campaign (Yes/No).
dimension,"SKANSKAN: Singular's SKAdNetwork solution, offering smart conversion value management that can be configured through the Singular app. Learn more  App ID",skan_app_id,True,True,False,False,False,True,False,The value of the 'app-id' parameter in Apple's SKAdNetwork postback.
dimension,SKAN Campaign ID,skan_campaign_id,True,True,False,False,False,True,False,The value of the 'campaign-id' parameter in Apple's SKAdNetwork postback.
dimension,SKAN Network ID,skan_network_id,True,True,False,False,False,True,False,The value of the 'ad-network-id' parameter in Apple's SKAdNetwork postback.
dimension,SKAN Publisher ID,skan_publisher_id,True,True,False,False,False,True,False,The value of the 'source-app-id' parameter in Apple's SKAdNetwork postback.
dimension,Source,source,False,False,True,True,True,True,False,The name of the data source (usually the ad network).
dimension,Standardized Bid Strategy,standardized_bid_strategy,True,True,True,False,False,False,False,"The bid strategy for the campaign: Manual: A fixed bid you determined in advance, e.g. $7 per install or $8 per action. Target: Bidding based on a target bid amount, e.g. $7 CPI, as used in Facebook and Google Ads. Max: Bidding based on a maximum bid amount (e.g. in Facebook when your choice is “Lowest Cost with Bid Cap”). If this is your Standardized Bid Strategy, the Bid Amount represents the maximum amount you were willing to pay. Auto: Automatic bidding (e.g. in Facebook when your choice is “Lowest Cost without Cap”). If the Standardized Bid Strategy is Auto, the Bid Amount dimension is going to be empty."
dimension,Standardized Bid Type,standardized_bid_type,False,False,True,False,False,False,False,"The method by which the bid is set up: ROI (ROAS), CPM, CPC, CPI, CPA, or CPCV."
dimension,Status,adn_status,False,False,True,False,False,False,False,The campaign status (enabled/disabled) as reported by the network (when applicable).
dimension,Sub Ad Network,adn_subadnetwork,False,False,True,True,False,False,False,"The sub ad network, as reported by the ad network. This is an additional level of hierarchy that some networks have. E.g., Google Ads has YouTube, Shopping, etc."
dimension,Sub Campaign ID,sub_campaign_id,False,False,True,True,False,False,False,"The sub-campaign ID (when applicable). A sub-campaign is Singular's name for an additional grouping of ads that some networks have under the campaign level. Some networks may call it ""ad group"" or ""ad set""."
dimension,Sub Campaign Name,sub_campaign_name,False,False,True,True,False,False,False,"The sub-campaign name (when applicable). A sub-campaign is Singular's name for an additional grouping of ads that some networks have under the campaign level. Some networks may call it ""ad group"" or ""ad set""."
dimension,Text,creative_text,True,True,False,True,False,False,False,"The text associated with the creative (the creative may or may not have other elements associated with it, such as an image or a video)."
dimension,Tracking URL,tracking_url,False,False,True,False,False,False,False,"In Google Ads (AdWords) campaigns, each ad click triggers two separate URLs: a destination (e.g. the advertiser's store) and a tracking URL. This field contains the tracking URL."
dimension,Tracker Campaign ID,tracker_campaign_id,False,False,True,False,False,False,False,The campaign ID as pulled from the tracker.
dimension,Tracker Campaign Name,tracker_campaign_name,False,False,True,False,False,False,False,The campaign name as pulled from the tracker.
dimension,Tracker Creative ID,tracker_creative_id,False,False,False,True,False,False,False,The creative ID as reported by the tracker.
dimension,Tracker Creative Name,tracker_creative_name,False,False,False,True,False,False,False,The creative name as reported by the tracker.
dimension,Tracker Name,tracker_name,False,False,True,False,False,False,False,The name configured in the attribution tracker's platform for the tracking link.
dimension,Tracker Source Name,tracker_source_name,False,False,True,False,False,False,False,"The name of the ad network, as pulled from the tracker. May be slightly different than the Source field (which holds the network name as it's listed in Singular)."
dimension,Tracker Sub Campaign ID,tracker_sub_campaign_id,False,False,True,False,False,False,False,"The ID of the sub campaign (ad group/ad set), as pulled from the tracker."
dimension,Tracker Sub Campaign Name,tracker_sub_campaign_ name,False,False,True,False,False,False,False,"The name of the sub campaign (ad group/ad set), as pulled from the tracker."
dimension,UTC Offset,adn_utc_offset,False,False,True,False,False,False,False,"The timezone offset of the campaign data, relative to UTC."
dimension,UTM Campaign,utm_campaign,True,True,False,False,False,False,False,A specific product promotion or strategic campaign.
dimension,UTM Content,utm_content,True,True,False,False,False,False,False,"The specific target clicked to bring the user to the site, such as text link or banner ad."
dimension,UTM Medium,utm_medium,True,True,False,False,False,False,False,"The type of link used, such as CPC or email."
dimension,UTM Source,utm_source,True,True,False,False,False,False,False,The site that sent the traffic.
dimension,UTM Term,utm_term,True,True,False,False,False,False,False,Search terms used to find the site.
dimension,Validated,skan_validated,True,True,False,False,False,True,False,"As a part of Singular's SKAdNetwork solution, Singular not only receives and parses SKAdNetwork postbacks from ad networks but also checks with Apple to confirm that each postback represents an actual install. Validation ensures that installs are not fraudulent."
dimension,,admon_data_source,True,True,True,False,False,False,False,"The source of data for ad revenue. This dimension is useful if you are using more than one method of pulling ad revenue ROI data (learn about the available methods) and want to get the metrics broken down by source. Notes: - To get the name of the ad revenue metric, query the Cohort_Metrics_Endpoint"">Cohort Metrics endpoint. - admon_data_source is only available in the API. If you are running reports in the Singular web app, see How can I tell where my ad revenue data is taken from?"
dimension,,creative_hash,True,True,False,True,False,False,False,The calculated MD5 hash for the creative.
dimension,,creative_is_video,True,True,False,True,False,False,False,"True if the creative is a video, false otherwise."
dimension,,creative_url,True,True,False,True,False,False,False,The URL of the creative (or ad).
dimension,,creative_image_hash,True,True,False,True,False,False,False,"The calculated MD5 hash specifically for the image (in contrast with creative_hash, which is a hash for the entire contents of any creative, including text)."
dimension,,data_connector_id,True,True,True,False,False,False,False,"The ID of the data connector through which the data was pulled. Note on ""data connector"" vs. ""source"": In Singular, a ""source"" is an ad network partner from which Singular pulls your advertising data. A ""data connector"" is a tool that connects to an ad network and pulls data. You may have multiple data connectors sharing the same source. This means they pull data into Singular from the same platform (but with different account names, settings, etc.)."
dimension,,data_connector_source_name,True,True,True,False,False,False,False,The ad network that the data connector pulled data from.
dimension,,data_connector_timestamp_utc,True,True,True,False,False,False,False,The date and time in which Singular started pulling data from the network. This tells you how fresh the data is.
dimension,,data_connector_username,True,True,True,False,False,False,False,
dimension,,singular_campaign_id,True,True,True,False,False,False,False,"The campaign ID in Singular. This may be different from the original campaign ID - for example, if there are duplicates."
dimension,,singular_creative_id,True,True,False,True,False,False,False,"An identifier given by Singular to the creative. This may be different from the original ID pulled from the ad network or the tracker (for example, if there are duplicates)."
metric,Ad ARPDAU,,True,True,False,False,False,False,True,Average revenue from ad monetization per daily active user.
metric,Ad ARPU,,True,True,False,False,False,False,True,Average revenue from ad monetization per user.
metric,Ad Clicks,ad_clicks,True,True,False,False,False,False,True,The number of times a user clicked on an ad.
metric,Ad Impressions,ad_impressions,True,True,False,False,False,False,True,How many times ads were viewed in your app (as reported by the network). This includes both videos and static ads.
metric,Ad Requests,ad_requests,True,True,False,False,False,False,True,How many times your app contacted the network requesting an ad to display.
metric,Ad Revenue,ad_revenue,True,True,False,False,False,False,True,The aggregated revenue reported by the network.
metric,ARPDAU,,True,True,True,False,False,False,False,Average revenue per daily active user.
metric,ARPU,,True,True,True,False,False,False,False,Average revenue per user.
metric,Average Frequency,frequency,True,True,True,False,False,False,False,The average number of times each person saw your ad.
metric,Bid Requests,bid_requests,True,True,False,False,False,False,True,The number of requests by the publisher to open an auction. Currently only applicable to Facebook’s RTB.
metric,Bid Responses,bid_responses,True,True,False,False,False,False,True,"The number of bids responded to by the auction, i.e. the bid payload for each bid. Currently only applicable to Facebook’s RTB."
metric,Clicks,custom_clicks,True,True,True,False,False,False,False,"Number of ad clicks. By default, this metric is pulled from the tracker side, but it can be set up to show clicks reported by the ad network."
metric,Clicks,skan_report_network_clicks,True,True,False,False,True,False,False,Clicks as reported by the ad network
metric,Clicks Discrepancy,clicks_discrepancy,True,True,True,False,False,False,False,The difference between clicks reported by the tracker and clicks reported by the network. Use this metric to help you identify and troubleshoot major discrepancies. Formula: Tracker Clicks - Network Clicks
metric,Comments,adn_comments,True,True,True,False,False,False,False,Number of ad comments as reported by the ad network.
metric,Completed Video View Rate,,True,True,False,True,False,False,False,Percentage of videos that were viewed in their entirety out of videos that were initiated. Formula: (Completed Video Views / Video Views) * 100
metric,Completed Video Views,completed_video_views,True,True,False,True,False,False,False,How many videos were viewed in their entirety.
metric,Completed Video Views,ad_completed_video_views,True,True,False,False,False,False,True,How many users viewed a video in its entirety. Note that not all networks provide this information.
metric,Completed Video View Rate,,True,True,False,False,False,False,True,Percentage of videos that were viewed in their entirety out of videos that were initiated. Formula: (Completed Video Views / Video Views) * 100
metric,Conversion Values - Count,skan_conversion_values_count,True,True,False,False,True,True,False,The number of SKAN installs for which Singular has received a conversion value (including conversion value 0 but not including conversion value Null).
metric,Conversion Values - Ratio,,True,True,False,False,True,True,False,The percentage of SKAN installs for which Singular has received a conversion value (including conversion value 0 but not including conversion value Null). This is equal to Conversion Values Count / SKAN Installs.
metric,Cost,adn_cost,True,True,True,False,True,False,False,"Cost (ad spend) reported by the ad network, in your default currency configured in Singular."
metric,CTR,,True,True,True,False,True,False,False,Click-through rate (ratio of clicks to impressions).
metric,CVR,,True,True,True,False,True,False,False,Conversion rate (ratio of installs to clicks).
metric,DAU,daily_active_users,True,True,True,False,False,False,False,"Daily Active Users: Number of unique users who had at least one session in the day. The day is the rolling day since the user's time of attribution. For periods of more than one day, the DAU is the average of the daily active users for the selected days."
metric,eCPC,,True,True,True,False,False,False,False,Effective Cost per Click: the total cost divided by the total click count.
metric,eCPCV,,True,True,False,False,False,False,True,Effective cost per completed view. Formula: Revenue / Completed Video Views
metric,eCPI,,True,True,True,False,False,False,False,Effective Cost per Install: the total cost divided by the total install count.
metric,eCPI (Orig. Cost),,True,True,True,False,False,False,False,"Effective Cost per Install, but based on the original cost, before any currency conversions."
metric,eCPM,,True,True,True,False,False,False,False,Effective Cost per Mille: the cost per 1000 impressions.
metric,eCPM,,True,True,False,False,False,False,True,Effective cost per one thousand impressions.
metric,eCPV,,True,True,False,False,False,False,True,Effective cost per view. Formula: Revenue / Video Views
metric,Est. Conversions,adn_estimated_total_conversions,True,True,True,False,False,False,False,An estimate of total conversions as reported by the ad network (when available).
metric,Estimated Revenue,skan_estimated_revenue,True,True,False,False,True,False,False,Revenue from campaigns that use a Revenue-type model. Update (April 2022): This metric will be deprecated. Use SKAN Revenue instead.
metric,Estimated ROI,skan_estimated_ROI,True,True,False,False,True,False,False,ROI calculated based on skan_estimated_revenue. Update (April 2022): This metric will be deprecated. Use SKAN ROI instead.
metric,Filled Ad Requests,filled_ad_requests,True,True,False,False,False,False,True,How many ads the network served after receiving a request.
metric,Fill Rate,,True,True,False,False,False,False,True,Percentage of ad requests that were answered by the network. Formula: (Filled Ad Requests / Ad Requests) * 100
metric,Impressions,custom_impressions,True,True,True,False,False,False,False,"Number of ad views. By default, this metric is pulled from the network side."
metric,Impressions,skan_report_network_impressions,True,True,False,False,True,False,False,Number of ad views as measured by the ad network.
metric,Impressions Discrepancy,impressions_discrepancy,True,True,True,False,False,False,False,The difference between impressions reported by the tracker and impressions reported by the network. Use this metric to identify and troubleshoot major discrepancies. Formula: Tracker Impressions - Network Impressions
metric,Installs,custom_installs,True,True,True,False,False,False,False,Installs as displayed in the Singular UI. This is a custom field and can be set to show network-side installs for some sources and tracker-side installs for other sources.
metric,Installs Discrepancy,installs_discrepancy,True,True,True,False,False,False,False,The difference between installs reported by the tracker and installs reported by the network. Use this metric to help you identify and troubleshoot major discrepancies. Formula: Tracker Installs - Network Installs
metric,Likes,adn_likes,True,True,True,False,False,False,False,Number of ad likes as reported by the ad network.
metric,Network Clicks,adn_clicks,True,True,True,False,False,False,False,The number of ad clicks as reported by the ad network.
metric,Network Impressions,adn_impressions,True,True,True,False,False,False,False,The number of ad views as reported by the ad network.
metric,Network Installs,adn_installs,True,True,True,False,False,False,False,The number of app installs as reported by the ad network.
metric,New Visitors,new_visitors,True,True,False,False,False,False,False,The number of users who've visited your site for the first time.
metric,oCVR,,True,True,True,False,False,False,False,Conversion rate from impressions to installs (the number of installs divided by impressions).
metric,Original Cost,adn_original_cost,True,True,True,False,False,False,False,"Original cost (presented in the original currency) reported by the ad network. In API queries, we recommend using this metric only when using the ""adn_original_currency"" dimension"
metric,Original Currency,adn_original_currency,True,True,True,False,False,False,False,The currency of the Original Cost value.
metric,Original Revenue,original_revenue,True,True,True,False,False,False,False,"If there are any custom calculations applied to the ""Revenue"" metric in your account, use ""Original Revenue"" to see the original revenue value as reported by the source."
metric,Page Follows,page_follows,True,True,True,False,False,False,False,Number of new followers generated from ads as reported by the ad network.
metric,Posts saved,posts_saved,True,True,True,False,False,False,False,Number of post saves as reported by the ad network.
metric,Re-engaged Visitors,re_engaged_visitors,True,True,False,False,False,False,False,The number of users who've been brought back to your site by a re-engagement campaign.
metric,Re-Engagements,tracker_reengagements,True,True,True,False,False,False,False,Number of re-engaged users.
metric,Reach,reach,True,True,True,False,False,False,False,The number of people who saw your ads at least once.
metric,Retained Users,,True,True,True,False,False,False,False,"The number of users still active in the app (sending sessions to Singular) after the number of days specified in the cohort period(s). E.g., ""Retained Users 7d"" - the number of users still active 7 days after the install."
metric,Retention Rate,,True,True,True,False,False,False,False,"The percentage of users still active in the app (sending sessions to Singular) after the number of days specified in the cohort period(s). E.g., ""Retention Rate 7d"" - the percentage of users still active 7 days after the install. Equal to the Retained Users for that cohort period divided by the installs."
metric,Revenue,revenue,True,True,True,False,False,False,False,The revenue gained from the cohort of users in the selected cohort period.
metric,ROI,,True,True,True,False,False,False,False,Return on Investment (return on ad spend): the revenue divided by the cost.
metric,Shares,adn_shares,True,True,True,False,False,False,False,Number of ad shares as reported by the ad network.
metric,Show Rate,,True,True,False,False,False,False,True,Percentage of ads viewed out of all filled ad requests. Formula: (Impressions / Filled Ad Requests) * 100
metric,SKAN eCPI,,True,True,False,False,True,False,False,Effective Cost per Install: the total cost divided by the number of SKAN installs.
metric,SKAN Installs,skan_installs,True,True,False,False,True,True,False,Number of installs as reported by SKAdNetwork.
metric,SKAN oCVR,,True,True,False,False,True,False,False,Conversion rate from impressions to SKAN installs.
metric,SKAN Revenue,skan_revenue,True,True,False,False,True,False,False,"Any revenue gained from campaigns, regardless of the conversion model used."
metric,SKAN ROI,skan_roi,True,True,False,False,True,False,False,ROI calculated based on skan_revenue.
metric,Total ARPDAU,,True,True,False,False,False,False,True,The total revenue divided by the number of daily active users.
metric,Total ARPU,,True,True,False,False,False,False,True,The total revenue divided by the number of users.
metric,Total Revenue,total_revenue,True,True,False,False,False,False,True,The total revenue gained from ad monetization as well as in-app purchases from the cohort of users in the selected cohort period.
metric,Total ROI,,True,True,False,False,False,False,True,Return on Investment: The total revenue divided by the cost.
metric,Total Web Conversions,total_web_conversions,True,True,False,False,False,False,False,Sum of new visitors and re-engaged visitors.
metric,Tracker Clicks,tracker_clicks,True,True,True,False,False,False,False,Clicks reported by the attribution tracker.
metric,Tracker Installs,tracker_installs,True,True,True,False,True,False,False,"Number of installs as reported by the attribution tracker. For SKAdNetwork Reports, these are installs that were attributed by the tracker based on device matching, as opposed to ""SKAN Installs"", which are based on SKAdNetwork postbacks. See What are tracker installs?"
metric,Video Views,video_views,True,True,False,True,False,False,False,"How many videos were initiated. Depending on the network and ad type, this metric may be the same as ""ad impressions""."
metric,Video Views,ad_video_views,True,True,False,False,False,False,True,How many videos were initiated. This metric can sometimes be the same as ad impressions. It depends on the network and the ad type.
metric,Video Views 25%,video_views_25pct,True,True,False,True,False,False,False,The number of impressions where the viewer watched the video to the 25% point. Formula: impressions x video view rate
metric,Video Views 50%,video_views_50pct,True,True,False,True,False,False,False,The number of impressions where the viewer watched the video to the halfway point. Formula: impressions x video view rate
metric,Video Views 75%,video_views_75pct,True,True,False,True,False,False,False,The number of impressions where the viewer watched the video to the 75% point. Formula: impressions x video view rate
metric,Win Rate,,True,True,False,False,False,False,True,Percentage of bid responses against the number of requests. Formula: (100 * bid responses / bid requests)
